Mã ytcp,Sản phẩm,Tên sản phẩm,Hệ số,
622BNN,KGE05001400,Bình nước nóng (18L) KG65,0.78,
622BNN,KGE05001600,Bình nước nóng treo tường kháng khuẩn Kangaroo.(32L-SX) KG60,0.78,
622BNN,KGE05001700,Bình nước nóng treo tường kháng khuẩn Kangaroo.(22L_SX) KG64,0.78,
622BNN,KGE05002900,Bình nước nóng treo tường kháng khuẩn Kangaroo.(32L_SX) KG660Y,0.78,
622BNN,KGE05003000,Bình nước nóng treo tường kháng khuẩn Kangaroo.(22L_SX) KG664Y,0.78,
622BNN,KGE05003200,Bình nước nóng treo tường kháng khuẩn Kangaroo.(18L_SX) KG665Y,0.78,
622BNN,KGE05003900,Bình nước nóng (32L) KG60 (xuất khẩu),0.78,
622BNN,KGE05004000,Bình nước nóng (22L) KG64 (xuất khẩu),0.78,
622BNN,KGE05004400,Bình nước nóng treo tường kháng khuẩn Kangaroo (30L_SX) KG818,0.78,
622BNN,KGE05004500,Bình nước nóng treo tường kháng khuẩn Kangaroo (30L_SX) KG818N,0.78,
622BNN,KGE05004600,Bình nước nóng treo tường kháng khuẩn Kangaroo (15L_SX) KG816,0.78,
622BNN,KGE05004800,Bình nước nóng treo tường kháng khuẩn Kangaroo (15L_SX) KG816N,0.78,
622BNN,KGE05005200,Bình nước nóng treo tường kháng khuẩn Kangaroo (22L_SX) KG69A2,0.78,
622BNN,KGE05005300,Bình nước nóng treo tường kháng khuẩn Kangaroo (22L_SX) KG69A2N,0.78,
622BNN,KGE05005400,Bình nước nóng treo tường kháng khuẩn Kangaroo (30L_SX) KG69A3,0.78,
622BNN,KGE05005500,Bình nước nóng treo tường kháng khuẩn Kangaroo (30L_SX) KG69A3N,0.78,
622BNN,KGE05005600,Bình nước nóng treo tường kháng khuẩn Kangaroo (22L-SX) KG68A2,0.78,
622BNN,KGE05005800,Bình nước nóng treo tường kháng khuẩn Kangaroo (30L_SX) KG518,0.78,
622BNN,KGE05005900,Bình nước nóng treo tường kháng khuẩn Kangaroo (30L_SX) KG518N,0.78,
622BNN,KGE05006000,Bình nước nóng treo tường kháng khuẩn Kangaroo (15L_SX) KG516,0.78,
622BNN,KGE05006100,Bình nước nóng treo tường kháng khuẩn Kangaroo (15L_SX) KG516N,0.78,
622BNN,KGE05006200,Bình nước nóng treo tường kháng khuẩn Kangaroo (22L_SX) KG68A2N,0.52,
622BNN,KGE05006300,Bình nước nóng treo tường kháng khuẩn Kangaroo (30L_SX) KG68A3,0.78,
622BNN,KGE05006700,Bình nước nóng treo tường kháng khuẩn Kangaroo (22L_SX) KG64P,0.78,
622BNN,KGE05007700,"Bình nước nóng treo tường kháng khuẩn Kangaroo, trực tiếp, ống thạch anh (Có bơm) KG588WP",0.62,
622BNN,KGE05007800,"Bình nước nóng treo tường kháng khuẩn Kangaroo, trực tiếp, ống thạch anh (Không bơm) KG588W",0.6,
622BNN,KGE05007900,Bình nước nóng treo tường kháng khuẩn Kangaroo (22L_SX) KG70A2,0.7,
622BNN,KGE05008000,Bình nước nóng treo tường kháng khuẩn Kangaroo (30L_SX) KG70A3,0.75,
622BNN,KGE05008100,Bình nước nóng treo tường kháng khuẩn Kangaroo (22L_SX) KG72A2,0.83,
622BNN,KGE05008200,Bình nước nóng treo tường kháng khuẩn Kangaroo (30L_SX) KG72A3,0.77,
622BNN,KGE05008600,Bình nước nóng treo tường Kangaroo (15L_SX) KG15EI,0.78,
622BNN,KGE05008700,Bình nước nóng treo tường kháng khuẩn Kangaroo (32L-SX) KG60XK,0.78,
622BNN,KGE05008800,Bình nước nóng treo tường kháng khuẩn Kangaroo.(30L-SX) KG69A3XK,0.78,
622BNN,KGE05008900,Bình nước nóng treo tường kháng khuẩn Hoàng Gia Kangaroo (22L_SX) KG73R2,0.83,
622NLMT,KGE18003901,Máy NNNL mặt trời 14 ống DI1414 (thiếu ống),4.38,
622NLMT,KGE18004001,Máy NNNL mặt trời 16 ống DI1616 (thiếu ống),4.38,
622NLMT,KGE18004101,Máy NNNL mặt trời 18 ống DI1818 (thiếu ống),4.38,
622NLMT,KGE18004701,Máy NNNL mặt trời 18 ống PT1820 (thiếu ống),4.38,
622NLMT,KGE18005701,Máy NNNL mặt trời 14 ống GD1414 (thiếu ống),4.38,
622NLMT,KGE18005801,Máy NNNL mặt trời 16 ống GD1616 (thiếu ống),4.38,
622NLMT,KGE18005901,Máy NNNL mặt trời 18 ống GD1818 (thiếu ống),4.38,
622NLMT,KGE18006001,Máy NNNL mặt trời 20 ống GD2020 (thiếu ống),4.38,
622RO,KGH01006600,Máy làm NL nước uống 3 vòi (dùng lõi RO) KG2266P,1.56,
622RO,KGH01006700,Máy làm NL nước uống 3 vòi (dùng lõi RO) 20 lít/giờ KG2265P,1.56,
622RO,KGH01006800,Máy làm NL nước uống 3 vòi (dùng lõi RO) KG120,1.56,
622RO,KGH01006802,Máy làm NL nước uống 3 vòi (dùng lõi RO) KG-120,1.56,
622RO,KGH01006900,Máy làm NL nước uống 3 vòi (dùng lõi RO) KG-2265P,1.56,
622RO,KGH03000217,"TB lọc nước RO, 6 lõi.Model KG-103 vỏ tủ VTU màu xanh (kèm carton)",1.13,
622RO,KGH03000705,Bộ lọc nước RO 65lit/h Model KG400VN,1.13,
622RO,KGH03001111,"TB lọc nước RO 8 lõi Maifan, Model KG-108",1.13,
622RO,KGH03001706,"TB lọc nước RO, 7 lõi model KG-114 vỏ tủ VTU màu xanh (kèm carton)",1.56,
622RO,KGH03002007,"TB lọc nước RO, 8 lõi model KG-118 vỏ tủ VTU màu xanh (kèm carton)",1.65,
622RO,KGH03002106,"TB lọc nước RO, 9 lõi model KG-109",1.13,
622RO,KGH03002107,"TB lọc nước RO, 9 lõi model KG-109 vỏ tủ VTU màu xanh (kèm carton)",1.65,
622INOX,KGH03002700,Vỏ thùng Bằng INOX 50lít,0.58,
622RO,KGH03003300,Vỏ tủ VTU màu vàng,0.52,
622RO,KGH03003400,Vỏ tủ VTU màu xanh,0.52,
622RO,KGH03004300,"TB lọc nước RO, 5 lõi - NANOSILVER Model KG102A",1.13,
622RO,KGH03004301,"TB lọc nước RO, 5 lõi NANOSILVER Model KG102A vỏ tủ VTU xanh (kèm carton)",1.65,
622RO,KGH03004400,"TB lọc nước RO, 6 lõi, Model KG103A",1.13,
622RO,KGH03004500,"TB lọc nước RO, 7 lõi.Model KG104A",1.13,
622RO,KGH03004503,"TB lọc nước RO, 7 lõi.Model KG104A vỏ tủ VTU màu xanh (kèm carton)",1.65,
622RO,KGH03004504,"TB lọc nước RO, 7 lõi.Model KG-104",1.13,
622RO,KGH03004505,"TB lọc nước RO, 7 lõi.Model KG-104 vỏ tủ VTU màu xanh (kèm carton)",1.65,
622RO,KGH03004800,"TB lọc nước RO 8 lõi - Maifan, Model KG108A",1.13,
622RO,KGH03004804,"TB lọc nước RO 8 lõi - Maifan, Model KG108A vỏ tủ VTU màu xanh (kèm carton)",1.65,
622RO,KGH03004805,"TB lọc nước RO 8 lõi - Maifan, Model KG-108 vỏ tủ VTU màu xanh (kèm carton)",1.65,
622RO,KGH03004900,TB lọc nước RO 9 lõi Model KG109A,1.13,
622RO,KGH03004904,TB lọc nước RO 9 lõi Model KG109A vỏ tủ VTU màu xanh (kèm carton),1.65,
622RO,KGH03005200,Máy lọc nước Hydrogen Kangaroo RO 9 lõi KG100HQ,1.13,
622RO,KGH03005202,Máy lọc nước Hydrogen Kangaroo RO 9 lõi vỏ tủ VTU màu đen (kèm carton) KG100HQ,1.65,
622RO,KGH03005400,Vỏ tủ VTU màu đen,0.52,
622RO,KGH03005500,Máy lọc nước Hydrogen Kangaroo RO 9 lõi KG100HA,1.13,
622RO,KGH03005502,Máy lọc nước Hydrogen Kangaroo RO 9 lõi vỏ tủ VTU màu đen (kèm carton) KG100HA,1.65,
622RO,KGH03005506,"Máy lọc nước Hydrogen Kangaroo RO 9 lõi vỏ tủ VTU màu đen (kèm carton, van chống rò) KG100HA",1.65,
622RO,KGH03006000,"TB lọc nước RO, 6 lõi, Model KG103A vỏ tủ VTU màu xanh (kèm carton)",1.65,
622RO,KGH03006100,"TB lọc nước RO, 6 lõi, Model KG06",1.13,
622RO,KGH03006200,"TB lọc nước RO, 6 lõi, Model KG06 vỏ tủ VTU màu xanh (kèm carton)",1.65,
622RO,KGH03006301,"TB lọc nước RO, 6 lõi, Model KG08 vỏ tủ VTU màu xanh (kèm carton)",1.65,
622RO,KGH03006400,"TB lọc nước RO, 9 lõi Omega model KG110A",1.13,
622RO,KGH03006401,"TB lọc nước RO, 9 lõi Omega model KG110A vỏ tủ VTU màu vàng (kèm carton)",1.65,
622RO,KGH03006500,"TB lọc nước RO, 9 lõi Omega model KG-110",1.13,
622RO,KGH03006501,"TB lọc nước RO, 9 lõi Omega model KG-110 vỏ tủ VTU màu vàng (kèm carton)",1.65,
622RO,KGH03006600,"TB lọc nước RO, 9 lõi KGMC09",1.13,
622RO,KGH03006601,"TB lọc nước RO, 9 lõi KGMC09 vỏ tủ VTU màu xanh (kèm carton)",1.65,
622RO,KGH03006602,"TB lọc nước RO, 9 lõi KGMC09 (lõi 2 canxi) vỏ tủ VTU màu xanh",1.56,
622RO,KGH03006800,TB lọc nước RO 8 lõi Model KG01G4,1.13,
622RO,KGH03006801,TB lọc nước RO 8 lõi Model KG01G4 vỏ tủ VTU màu trắng (kèm carton),1.65,
622RO,KGH03006900,TB lọc nước RO 9 lõi Model KG02G4,1.13,
622RO,KGH03006901,TB lọc nước RO 9 lõi Model KG02G4 vỏ tủ VTU màu trắng (kèm carton),1.65,
622RO,KGH03007000,Vỏ tủ VTU màu trắng,0.52,
622RO,KGH03007200,Máy lọc nước Hydrogen Kangaroo Plus RO 10 lõi KG100HP,1.13,
622RO,KGH03007201,Máy lọc nước Hydrogen Kangaroo Plus RO 10 lõi vỏ tủ VTU Diamond(kèm carton) KG100HP,1.65,
622RO,KGH03007202,TB lọc nước RO 10 lõi KG-100HP vỏ tủ VTU Blue (kèm carton),1.65,
622RO,KGH03007300,Vỏ tủ VTU Diamond,0.52,
622RO,KGH03007400,"TB lọc nước RO, 5 lõi (dùng cho máy làm NL nước uống) KG01G6",1.13,
622RO,KGH03007600,"TB lọc nước RO, 5 lõi (dùng cho máy làm NL nước uống) model KG02G6",1.65,
622RO,KGH03007800,TB lọc nước RO 3 lõi lọc thô 10'' model KG01G3,1.13,
622RO,KGH03007900,TB lọc nước RO 1 lõi lọc thô 10'' model KG02G3,1.13,
622RO,KGH03008100,TB lọc nước RO 1 lõi lọc thô 20'' model KG04G3,1.13,
622RO,KGH03008200,"Bộ lọc nước, 50lit/h Model KG300VN",1.65,
622RO,KGH03008300,"Bộ lọc nước, 35 lít/h Model KG200VN",1.13,
622RO,KGH03008400,"TB lọc nước RO, 5 lõi Nanosilver model KGHIMLAM",1.65,
622RO,KGH03008401,"TB lọc nước RO, 5 lõi Nanosilver model KGHIMLAM vỏ tủ VTU xanh(kèm carton)",1.65,
622RO,KGH03008501,"TB lọc nước RO 2 vòi, 9 lõi KG09A3 vỏ tủ VTU màu xanh(kèm carton)",1.65,
622RO,KGH03008601,"TB lọc nước RO 2 vòi, 10 lõi KG10A3 vỏ tủ VTU màu xanh(kèm carton)",1.65,
622RO,KGH03008800,Vỏ tủ VTU trụ tròn màu đen,0.54,
622RO,KGH03009300,Vỏ tủ VTU màu xanh 2 vòi 3 chức năng,0.52,
622RO,KGH03009400,Vỏ tủ VTU màu xanh 2 vòi 2 chức năng,0.52,
622RO,KGH03009700,Máy lọc nước Hydrogen Kangaroo RO 10 lõi vỏ tủ VTU trụ tròn đen KG100HC,2.22,
622RO,KGH03009801,TB lọc nước RO 10 lõi KG18BLUE vỏ tủ VTU blue (kèm carton),1.65,
622RO,KGH03009900,Vỏ tủ VTU màu Blue,0.52,
622RO,KGH03010000,Vỏ tủ VTU Diamond đen vàng,0.54,
622RO,KGH03010200,Vỏ tủ VTU Diamond đen,0.2,
622RO,KGH03010301,TB lọc nước RO 7 cấp lọc model KG07 vỏ tủ VTU màu trắng,1.65,
622RO,KGH03010400,Máy lọc nước Hydrogen Kangaroo RO 10 lõi KG100HM,1.56,
622RO,KGH03010401,Máy lọc nước Hydrogen Kangaroo RO 10 lõi vỏ tủ VTU Blue hình chấm KG100HM,1.65,
622RO,KGH03010500,Vỏ tủ VTU Blue hình khối,0.52,
622RO,KGH03010601,"TB lọc nước RO 2 vòi, 09 lõi model KG19A3 vỏ tủ VTU màu xanh",1.65,
622RO,KGH03010700,Máy lọc nước Hydrogen Kangaroo RO 10 lõi KG100HG,1.73,
622RO,KGH03010701,Máy lọc nước Hydrogen Kangaroo RO 10 lõi vỏ tủ VTU Diamond đen vàng KG100HG,1.73,
622RO,KGH03010801,TB lọc nước RO 10 lõi model KG10G4 vỏ tủ VTU màu vàng,1.65,
622RO,KGH03010900,Vỏ tủ VTU Blue hình chấm,0.52,
622RO,KGH03011000,TB lọc nước RO 7 lõi model KG09,1.13,
622RO,KGH03011001,TB lọc nước RO 7 lõi model KG09 vỏ tủ VTU màu xanh,1.65,
622RO,KGH03011101,"TB lọc nước RO, 7 lõi Model KG2207P vỏ tủ VTU màu xanh",1.14,
622RO,KGH03011200,Máy lọc nước RO 9 lõi Model KG2209P,1.13,
622RO,KGH03011201,Máy lọc nước RO 9 lõi Model KG2209P vỏ tủ VTU màu xanh,1.13,
622RO,KGH03011301,TB lọc nước RO 9 lõi KG99A vỏ tủ VTU BLACK hoa lục giác,1.13,
622RO,KGH03011400,Vỏ tủ VTU Black hoa lục giác,0.54,
622RO,KGH03011500,Máy lọc nước Hydrogen Kangaroo RO 9 lõi KG100HB,1.73,
622RO,KGH03011501,Máy lọc nước Hydrogen Kangaroo RO 9 lõi Vỏ tủ VTU Diamond bạc KG100HB,1.73,
622RO,KGH03011600,"TB lọc nước RO, 9 lõi Omega model KG09G4",1.73,
622RO,KGH03011601,"TB lọc nước RO, 9 lõi Omega model KG09G4 vỏ tủ VTU Black vân gỗ",1.73,
622RO,KGH03011700,Vỏ tủ VTU Black vân gỗ,0.54,
622RO,KGH03011800,TB lọc nước RO 9 lõi Model KG08G4,1.73,
622RO,KGH03011801,TB lọc nước RO 9 lõi Model KG08G4 vỏ tủ VTU Green hình khối,1.73,
622RO,KGH03011900,Vỏ tủ VTU Green hình khối,0.54,
622RO,KGH03012000,TB lọc nước RO 8 lõi Model KG06G4,1.73,
622RO,KGH03012001,TB lọc nước RO 8 lõi Model KG06G4 vỏ tủ VTU Green hình khối,1.73,
622RO,KGH03012101,TB lọc nước RO 7 lõi Model KG177A vỏ tủ VTU Blue hình khối,1.13,
622RO,KGH03012201,TB lọc nước RO 8 lõi Model KG188A vỏ tủ VTU Diamond bạc,1.13,
622RO,KGH03012301,Máy lọc nước Hydrogen Kangaroo RO 9 lõi vỏ tủ VTU Diamond đen KG199HQ,1.13,
622RO,KGH03012400,Vỏ tủ VTU Diamond bạc Hydrogen,0.54,
622RO,KGH03012801,Máy lọc nước Hydrogen Kangaroo RO 10 lõi 2 vòi 3 chức năng vỏ tủ VTU màu đen KG100HK,3.6,
622RO,KGH03012900,TB lọc nước RO 8 lõi Model KG108H,1.13,
622RO,KGH03012901,TB lọc nước RO 8 lõi Model KG108H vỏ tủ VTU Blue hình khối,1.13,
622RO,KGH03013300,Vỏ tủ VTU màu đen 2 vòi 3 chức năng,0.54,
622RO,KGH03013400,Máy lọc nước Hydrogen Kangaroo RO 10 lõi 2 vòi 3 chức năng vỏ tủ VTU BLACK hoa lục giác KG10A4,3.6,
622RO,KGH03013501,TB lọc nước RO 9 lõi Kangaroo model KG19G4MK vỏ tủ VTU Green hình khối,2.71,
622RO,KGH03013600,Máy lọc nước Hydrogen Kangaroo RO 5 lõi UNDERSINK thân vỏ trắng KG100HU,1.56,
622RO,KGH03014000,Máy lọc nước RO ( 40-50L/h ) Model KG300P vỏ tủ Inox 3 vòi,2.56,
622RO,KGH03014200,Máy lọc nước Hydrogen Kangaroo RO 5 lõi UNDERSINK thân vỏ trắng KG100HU+,1.73,
622RO,KGH03014400,Máy lọc nước Hydrogen Kangaroo Superstyrene RO 10 lõi vỏ tủ VTU màu đen KG10G5,2.7,
622RO,KGH03014600,Máy lọc nước RO 6 lõi model KG103XK vỏ tủ VTU màu đen,1.31,
622RO,KGH03014700,Máy lọc nước RO 7 lõi model KG07G4 vỏ tủ VTU màu xanh,1.4,
622RO,KGH03014800,Máy lọc nước RO 8 lõi model KG08G5 vỏ tủ VTU màu xanh,1.4,
622RO,KGH03014900,Máy lọc nước RO 6 lõi model K0358 xuất khẩu Pakistan,1.07,
622RO,KGH03015000,Máy lọc nước RO 6 lõi model K1358 smart xuất khẩu Pakistan,1.56,
622RO,KGH03015100,Máy lọc nước RO 6 lõi model K3358G smart Vỏ tủ VTU màu vàng xuất khẩu Pakistan,1.24,
622RO,KGH03015200,Máy lọc nước RO 6 lõi model K2358 chân quỳ xuất khẩu Pakistan,1.56,
622RO,KGH03015400,Máy lọc nước 200GPD Model K4358 xuất khẩu,2.2,
622RO,KGH03015500,Máy lọc nước 400GPD Model K5358 xuất khẩu,2.2,
622RO,KGH03015600,Máy lọc nước 600GPD Model K6358 xuất khẩu,2.2,
622RO,KGH03015700,Máy lọc nước RO nước lợ model KG3500A vỏ tủ VTU Black hoa lục giác,1.73,
622RO,KGH03015900,Máy lọc nước Kangaroo RO 5 lõi KG001 xuất khẩu Bangladesh,1.2,
622RO,KGH03016000,Máy lọc nước Kangaroo RO 5 lõi vỏ tủ VTU màu đen KG001C xuất khẩu Bangladesh,1.56,
622RO,KGH03016100,Máy lọc nước Hydrogen Kangaroo RO 5 lõi vỏ tủ VTU trụ tròn đen KG100HCB xuất khẩu Bangladesh,2.2,
622RO,KGH03016200,Máy lọc nước Hydrogen Kangaroo RO 5 lõi 2 vòi 3 chức năng vỏ tủ VTU màu đen KG100HKB xuất khẩu Bangladesh,3.6,
622RO,KGH03016300,Máy lọc nước Kangaroo RO 5 lõi KG002 xuất khẩu Bangladesh,1.2,
622RO,KGH03016500,Máy lọc nước RO 6 lõi model K3358B vỏ tủ VTU màu đen xuất khẩu Pakistan,1.73,
622RO,KGH03016600,Máy lọc nước RO 6 lõi model K3358X vỏ tủ VTU màu xanh xuất khẩu Pakistan,1.73,
622RO,KGH03016700,Máy lọc nước Hydrogen Kangaroo công nghệ điện phân RO 5 lõi DESKTOP cơ KG100MED,2.3,
622RO,KGH03016800,Máy lọc nước RO 7 lõi lọc model KG88A vỏ tủ VTU màu đen,1.31,
622RO,KGH03016900,Máy lọc nước RO 8 lõi lọc model KG-08G4 vỏ tủ VTU màu xanh,1.7,
622RO,KGH03017000,Máy lọc nước RO 9 lõi lọc model KG09G5 vỏ tủ VTU màu xanh,1.7,
622RO,KGH03017100,Máy lọc nước Hydrogen Kangaroo ion kiềm điện phân KG100ES,2.71,
622RO,KGH03017200,Máy lọc nước Hydrogen Kangaroo ion kiềm điện phân KG100EO,2.71,
622RO,KGH03017300,Máy lọc nước RO 5 cấp model KG100EI chân quỳ xuất khẩu Indonesia,1.56,
622RO,KGH03017400,Máy lọc nước Hydrogen Kangaroo công nghệ điện phân RO 5 lõi DESKTOP IOT KG100EED,2.5,
622RO,KGH03017800,Máy lọc nước Kangaroo RO 8 lõi 2 vòi có đèn UV KG19A3-UV vỏ tủ VTU màu xanh,1.65,
622RO,KGH03017900,Máy lọc nước Hydrogen Kangaroo RO 8 lõi 2 vòi 3 chức năng có đèn UV vỏ tủ VTU màu đen KG100HK-UV,3.6,
622RO,KGH03018000,Máy lọc nước Kangaroo RO 8 lõi có đèn UV KG108A-UV,1.13,
622RO,KGH03018700,Máy lọc lọc nước RO 6 lõi Model KGB002,1.14,
622RO,KGH03018800,Máy lọc lọc nước RO 6 lõi Model KGB002G chân quỳ có đồng hồ áp,1.16,
622RO,KGH03018900,Máy lọc lọc nước RO 6 lõi model KGB002 vỏ VTU Black hoa lục giác,1.31,
622RO,KGH03019000,CP gia công máy lọc nước RO 6 lõi model K0358B xuất khẩu Pakistan,1.56,
622RO,KGH03019100,CPgia công máy lọc nước RO 6 lõi model K1358B smart xuất khẩu Pakistan,1.57,
622RO,KGH03019200,CP gia công máy lọc nước RO 6 lõi model K2358B chân quỳ xuất khẩu Pakistan,1.57,
622RO,KGH03019300,CP gia công máy lọc nước RO 6 lõi model K0358G xuất khẩu Pakistan,1.56,
622RO,KGH03019400,CP gia công máy lọc nước RO 6 lõi model K0358W xuất khẩu Pakistan,1.56,
622RO,KGH03019500,CP gia công máy lọc nước RO 6 lõi model K1358G smart xuất khẩu Pakistan,1.57,
622RO,KGH03019600,CP gia công máy lọc nước RO 6 lõi model K1358W smart xuất khẩu Pakistan,1.57,
622RO,KGH03019700,CP gia công máy lọc nước RO 6 lõi model K2358G chân quỳ xuất khẩu Pakistan,1.57,
622RO,KGH03019800,CP gia công máy lọc nước RO 6 lõi model K2358W chân quỳ xuất khẩu Pakistan,1.57,
622RO,KGH03019900,Máy lọc nước hydrogen Kangaroo hai vòi 3 chức năng 4 cấp lọc thô vỏ VTU màu đen KG10A5,3.6,
622RO,KGH03020000,TB lọc nước 1 lõi lọc thô 10'' model KG01Q,0.05,
622RO,KGH03020100,TB lọc nước 2 lõi lọc thô 10'' model KG02Q,0.08,
622RO,KGH03020200,TB lọc nước 3 lõi lọc thô 10'' model KG03Q,0.085,
622RO,KGH03020300,Máy lọc nước RO 7 lõi KG100EM vỏ tủ VTU Blue hình khối xuất khẩu Myanmar,1.73,
622RO,KGH03020400,Máy lọc nước Hydrogen Kangaroo 10 lõi Model KG50G4 vỏ tủ VTU màu trắng,1.56,
622RO,KGH03020500,Máy lọc nước RO 5 lõi model KG100M5 chân quỳ xuất khẩu Myanmar,1.56,
622RO,KGH03020800,CP gia công máy lọc nước RO 6 lõi Xuất khẩu Ả rập KG75AR6,1.73,
622RO,KGH03021000,CP gia công máy lọc nước RO 6 cấp lọc xuất khẩu Banglades KG10BL61,1.53,
622BNN,KGH21078100,Mô hình BNN 22L KG69A2,0.78,
622BNN,KGH21078200,Mô hình BNN 22L KG69A2N,0.78,
622BNN,KGH21078300,Mô hình BNN 30L KG69A3,0.78,
622BNN,KGH21078400,Mô hình BNN 30L KG69A3N,0.78,
622BNN,KGH21078500,Mô hình BNN 15L KG816,0.78,
622BNN,KGH21152600,Mô hình BNN 22L KG68A2,0.52,
622BNN,KGH21152800,Mô hình BNN 30L KG68A3,0.54,
622BNN,KGH21153000,Mô hình BNN 32L KG518,0.52,
622BNN,KGH21153100,Mô hình BNN 32L KG518N,0.54,
622BNN,KGH21153200,Mô hình BNN 15L KG516,0.52,
622BNN,KGH21153300,Mô hình BNN 15L KG516N,0.54,
622BNN,KGH21153600,Mô hình BNN (SX) KG64P,0.52,
622BNN,KGH21157900,Mô hình BNN 22L KG68A2 có mặt hiển thị,0.78,
622BNN,KGH21195300,Mô hình Bình nước nóng treo tường kháng khuẩn Kangaroo (22L-SX) KG70A2,0.7,
622BNN,KGH21195500,Mô hình Bình nước nóng treo tường kháng khuẩn Kangaroo (22L-SX) KG72A2,0.83,
622BNN,KGH21195600,Mô hình Bình nước nóng treo tường kháng khuẩn Kangaroo (30L_SX) KG72A3,0.54,
622BNN,KGH21198200,Mô hình Bình nước nóng trực tiếp kháng khuẩn ống thạch anh (có bơm-màu trắng) 588WP,0.54,
622BNN,KGH21198300,Mô hình Bình nước nóng trực tiếp kháng khuẩn ống thạch anh (không bơm-màu trắng) 588W,0.54,
622TD,KGH21200400,"Hàng mẫu tủ đông mềm kháng khuẩn 1 ngăn, 1 cánh không kính KG399DM1 mã MT260919-1",5,
622TD,KGH21200600,"Hàng mẫu tủ đông mềm kháng khuẩn 2 ngăn, 2 cánh có kính KG408S2 mã MT260919-3",5,
622TD,KGH21200700,"Hàng mẫu tủ đông mềm kháng khuẩn 1 ngăn, 1 cánh không kính KG268DM1 mã MT260919-4",5,
622TD,KGH21200800,"Hàng mẫu tủ đông mềm kháng khuẩn 2 ngăn, 2 cánh có kính KG268DM2 mã MT260919-5",5,
622TD,KGH21202200,"Hàng mẫu tủ đông mềm kháng khuẩn 2 ngăn, 2 cánh có kính KG328DM2 mã MT260919-6",5,
622RO,KGH21203900,Hàng mẫu máy lọc RO nước lợ KG3500PPM,6,
622RO,KGH21209100,Mô hình máy lọc nước RO 8 lõi KG08G5 mã QT140320,1.56,
622RO,KGH21209200,Mô hình máy lọc nước RO 10 lõi KG10A3 mã QT140320,1.73,
622BNN,KGH21214400,Mô hình bình nước nóng treo tường kháng khuẩn Kangaroo (32L-SX) KG60XK,0.54,
622BNN,KGH21214500,Mô hình bình nước nóng treo tường kháng khuẩn Kangaroo.(30L-SX) KG69A3XK,0.78,
622TD,KGH21214900,Hàng mẫu tủ đông 2 ngăn 2 cánh có kính KG400VNC mã MT080920,5.52,
622BNN,KGH21215000,Mô hình Bình nước nóng trực tiếp kháng khuẩn ống thạch anh (không bơm-màu trắng) 588WXK,0.54,
622BNN,KGH21215100,Mô hình Bình nước nóng trực tiếp kháng khuẩn ống thạch anh (có bơm-màu trắng) 588WPXK,0.54,
622BNN,KGH21220700,Mô hình bình nước nóng 22L KG73R2,0.83,
622TD,KGH21220800,Hàng mẫu tủ đông dựng lắp ghép thử nghiệm trong sản xuất KG265M1-Không cánh mã TH091220,4,
622TD,KGH21221900,Hàng mẫu tủ đông KG265NC1 vỏ tôn nhám PCM màu ghi nhám mã TM291220,4.44,
622TD,KGH21222000,Hàng mẫu Tủ đông KG265NC1 vỏ tôn trơn PCM màu trắng sữa mã TM291220,4.44,
622RO,KGP01003601,Máy lọc nước Hydrogen Kangaroo RO 8 lõi vỏ tủ VTU Blue hình chấm KG2208PH,1.14,
622RO,KGP01003800,Máy lọc nước Hydrogen Kangaroo RO 9 lõi vỏ tủ VTU màu đen KG2209PH,1.13,
622RO,KGP01006800,Hệ thống thiết bị lọc RO công suất 100 lít/giờ KG100PA,1.56,
622RO,KGP01007200,Máy lọc nước Kangaroo RO 9 lõi KG2209P3 vỏ tủ VTU màu xanh,1.13,
622RO,KGP01007400,Máy lọc nước RO 6 lõi model KG2206P vỏ tủ VTU màu xanh,1.65,
622RO,KGP01007800,"Bộ lọc nước, 35 lít/h Model KG2007",1.3,
622TD,KGW44001600,Tủ đông kháng khuẩn 2 ngăn 2 cánh KG298C2,4.4,
622TD,KGW44007900,Tủ đông 2 ngăn 2 cánh (SX) KG388NC2,0.2,
622TD,KGW44008100,Tủ đông kháng khuẩn 1 ngăn 2 cánh KG399IC1,4.44,
622TD,KGW44008200,Tủ đông kháng khuẩn 2 ngăn 2 cánh KG320IC2,4.44,
622TD,KGW44008400,Tủ đông 2 ngăn 2 cánh (SX) KG400IC2,4.44,
622TD,KGW44008600,Tủ đông kháng khuẩn 1 ngăn 1 cánh KG329IC1,4.44,
622TD,KGW44008700,Tủ đông kháng khuẩn 2 ngăn 2 cánh KG400NC2,4.44,
622TD,KGW44008800,Tủ đông kháng khuẩn 2 ngăn 2 cánh KG320NC2,4.44,
622TD,KGW44008900,Tủ đông kháng khuẩn 1 ngăn 2 cánh KG399NC1,4.44,
622TD,KGW44009000,Tủ đông mềm 2 ngăn 2 cánh KG400DM1,4.44,
622TD,KGW44009300,Tủ đông kháng khuẩn 1 ngăn 1 cánh KG265NC1,4.44,
622TD,KGW44009500,Tủ đông kháng khuẩn 2 ngăn 2 cánh KG266NC2,4.44,
622TD,KGW44009600,Tủ đông kháng khuẩn 2 ngăn 2 cánh KG328NC2,4.44,
622TD,KGW44009700,Tủ đông kháng khuẩn 1 ngăn 1 cánh KG329NC1,4.44,
622TD,KGW44010200,Tủ đông mềm 2 ngăn 2 cánh có kính KG388DM2,5,
622TD,KGW44010300,"Tủ đông mềm kháng khuẩn 1 ngăn, 1 cánh không kính KG399DM1",5,
622TD,KGW44010400,"Tủ đông mềm kháng khuẩn 2 ngăn, 2 cánh có kính KG400DM2",5,
622TD,KGW44010500,"Tủ đông mềm kháng khuẩn 2 ngăn, 2 cánh có kính KG408S2",5,
622TD,KGW44010600,"Tủ đông mềm kháng khuẩn 1 ngăn, 1 cánh không kính KG268DM1",5,
622TD,KGW44010700,"Tủ đông mềm kháng khuẩn 2 ngăn, 2 cánh có kính KG268DM2",5,
622TD,KGW44010800,"Tủ đông mềm kháng khuẩn 2 ngăn, 2 cánh có kính KG328DM2",5,
622TD,KGW44011200,"Tủ đông mềm kháng khuẩn 2 ngăn, 2 cánh không kính KG398DM2",6.5,
622TD,KGW44011300,Tủ đông kháng khuẩn 1 ngăn 1 cánh không kính KG168NC1,2.5,
622TD,KGW44011400,Tủ đông kháng khuẩn 1 ngăn 1 cánh KG265XKC1,4.44,
622TD,KGW44011600,"Tủ đông mềm kháng khuẩn 2 ngăn, 2 cánh có kính KG400XKM2",5,
622TD,KGW44011800,"Tủ đông kháng khuẩn 2 ngăn, 2 cánh, không kính KG498C2",4.4,
622TD,KGW44011900,"Tủ đông kháng khuẩn 2 ngăn 2 cánh, không kính KG398C2",4.4,
622TD,KGW44012700,"Tủ đông kháng khuẩn 2 ngăn, 2 cánh màu inox, không kính KG498KX2",4.4,
622INOX,KPG22008300,Kệ trưng bày siêu thị 3 tầng 2280x800 (nhà máy SX),1.67,
622INOX,KPG22008600,Kệ trưng bày chậu rửa (SX tại nhà máy),1.67,
622INOX,KPG22010100,"Kệ trưng bày máy bơm 4 tầng 1,2 x 2m (Nhà máy SX)",1.67,
622INOX,KPG22021000,Kệ trưng bày TBVS 1560*720*1200 mm (Nhà máy SX),1.67,
622BNN,SPE0514000100,Bộ thân bình nước nóng (18L) KG65,0.6,
622BNN,SPE0516000100,Bộ thân bình nước nóng (32L_SX) KG60,0.78,
622BNN,SPE0517000100,Bộ thân bình nước nóng (22L_SX) KG64,0.78,
622BNN,SPE0529000100,Bộ thân bình nước nóng (32L_SX) KG660Y,0.78,
622BNN,SPE0530000100,Bộ thân bình nước nóng (22L_SX) KG664Y,0.78,
622BNN,SPE0532000100,Bộ thân bình nước nóng (18L_SX) KG665Y,0.6,
622BNN,SPE0552000400,Bộ thân bình nước nóng (22L_SX) KG69A2,0.78,
622BNN,SPE0554000100,Bộ thân bình nước nóng (30L_SX) KG69A3,0.78,
622BNN,SPE0556000700,Bộ thân bình nước nóng (22L-SX) KG68A2,0.6,
622BNN,SPE0558001200,Bộ thân bình nước nóng (30L_SX) KG518,0.6,
622BNN,SPE0559000400,Bộ thân bình nước nóng (30L_SX) KG518N,0.6,
622BNN,SPE0560000600,Bộ thân bình nước nóng (15L_SX) KG516,0.7,
622BNN,SPE0563000700,Bộ thân bình nước nóng (30L_SX) KG68A3,0.6,
622NLMT,SPE1800007300,Bộ chân giá NNNL loại 14 ống,1.67,
622NLMT,SPE1800007400,Bộ chân giá NNNL loại 16 ống,1.67,
622NLMT,SPE1800007500,Bộ chân giá NNNL loại 18 ống,1.67,
622NLMT,SPE1800007600,Bộ chân giá NNNL loại 20 ống,1.67,
622NLMT,SPE1800007700,Bộ chân giá NNNL loại 24 ống,1.67,
622NLMT,SPE1800007800,Bộ chân giá NNNL loại 28 ống,1.67,
622NLMT,SPE1800008000,Bộ chân giá NNNL loại 14 ống mái nghiêng,1.67,
622NLMT,SPE1800008100,Bộ chân giá NNNL loại 16 ống mái nghiêng,1.67,
622NLMT,SPE1800008200,Bộ chân giá NNNL loại 18 ống mái nghiêng,1.67,
622NLMT,SPE1800008300,Bộ chân giá NNNL loại 20 ống mái nghiêng,1.67,
622NLMT,SPE1800008400,Bộ chân giá NNNL loại 24 ống mái nghiêng,1.67,
622INOX,SPE1800009200,Thanh giằng tăng cứng (inox SUS 201),0.19,
622INOX,SPE1805000900,Thanh giằng sau 14 ống ( Inox SUS 201),0.19,
622NLMT,SPE1805001200,Bình bảo ôn PT1416,2.71,
622INOX,SPE1806000400,Thanh giằng sau 16 ống ( Inox SUS 201),0.19,
622NLMT,SPE1806000600,Bình bảo ôn PT1618,2.71,
622NLMT,SPE1806001300,Thân bình PT1618,2.7,
622INOX,SPE1807000400,Thanh giằng sau 18 ống ( Inox SUS 201),0.19,
622NLMT,SPE1807000600,Bình bảo ôn PT1820,2.71,
622NLMT,SPE1807001300,Thân bình PT1820,2.9,
622INOX,SPE1808000400,Thanh giằng sau 20 ống ( Inox SUS 201),0.19,
622NLMT,SPE1808000600,Bình bảo ôn PT2022,2.71,
622NLMT,SPE1808001300,Thân bình PT2022,3.1,
622INOX,SPE1809000400,Thanh giằng sau 24 ống ( Inox SUS 201),0.19,
622NLMT,SPE1809000700,Bình bảo ôn PT2426,2.71,
622INOX,SPE1810000400,Thanh giằng sau 28 ống ( Inox SUS 201),0.19,
622NLMT,SPE1810000600,Bình bảo ôn PT2832,2.71,
622NLMT,SPE1811001000,Bình bảo ôn DI1414,2.71,
622NLMT,SPE1812000500,Bình bảo ôn DI1616,2.71,
622NLMT,SPE1813000500,Bình bảo ôn DI1818,2.71,
622NLMT,SPE1814000500,Bình bảo ôn DI2020,2.71,
622INOX,SPE1816001600,Thanh đứng ( Inox SUS 201),0.19,
622INOX,SPE1816001700,Thanh chéo bên ( Inox SUS 201),0.19,
622INOX,SPE1816001800,Thanh ngang bên ( Inox SUS 201),0.19,
622INOX,SPE1816001900,Thanh chéo ( Inox SUS 201),0.19,
622NLMT,SPE1816005200,Bình bảo ôn DI2830,2.71,
622INOX,SPE1816005400,Thanh đứng ( Inox SUS 201 )-MN,0.19,
622INOX,SPE1816005500,Thanh ngang bên ( Inox SUS 201 )-MN,0.19,
622INOX,SPE1816005600,Thanh chéo ( Inox SUS 201 )-MN,0.19,
622NLMT,SPE1857000100,Bình bảo ôn GD1414,2.71,
622NLMT,SPE1857000200,Thân bình GD1414,2.2,
622NLMT,SPE1858000100,Bình bảo ôn GD1616,2.71,
622NLMT,SPE1858000200,Thân bình GD1616,2.5,
622NLMT,SPE1859000100,Bình bảo ôn GD1818,2.71,
622NLMT,SPE1859000200,Thân bình GD1818,2.5,
622NLMT,SPE1860000100,Bình bảo ôn GD2020,2.71,
622NLMT,SPE1860000200,Thân bình GD2020,2.7,
622NLMT,SPE1861000100,Bình bảo ôn GD2424,2.71,
622NLMT,SPE1861000200,Thân bình GD2424,3.3,
622NLMT,SPE1862000100,Bình bảo ôn GD2830,2.71,
622INOX,SPH0300004600,Thân tủ chưa sơn 1 lỗ lưng tủ,0.39,
622INOX,SPH0300004800,Thân tủ chưa sơn 3 lỗ lưng tủ,0.39,
622RO,SPH0300005000,"Lõi T33 to PP 5M trắng sứ (SX) ( Lõi 1 ) ( KG100HK, KG10A4, KG100ES, KG100EO)",0.04,
622RO,SPH0300007500,"Lõi T33 to MAIFAN trắng sứ nối nhanh (SX), Tem cờ đỏ sao vàng)",0.06,
622RO,SPH0300007600,"Lõi T33 to NANO CARBON trắng sứ nối nhanh (SX), Tem cờ đỏ sao vàng",0.06,
622RO,SPH0300008000,Lõi số 2-G.A.C các bon (SX) OEM tem Kangaroo,0.03,
622RO,SPH0300010400,Lõi lọc Alkaline ( Korea design - tem cờ đỏ sao vàng ),0.035,
622RO,SPH0300013900,"Lõi Lọc CERAMIC (Bóng Gốm) - DEMO, 2 đầu, thân mầu nâu đỏ, nắp mầu nâu đỏ nối nhanh(SX)",0.035,
622RO,SPH0300014000,"Lõi lọc ALKALINE- DEMO, 2 đầu, thân mầu xanh cốm, nắp mầu xanh cốm nối nhanh (SX)",0.035,
622RO,SPH0300014100,"Lõi lọc MINERAL-DEMO, 2 đầu, thân xanh lá cây, nắp xanh lá cây nối nhanh(xuất cho SX)",0.035,
622RO,SPH0300014200,"Lõi lọc ORP-DEMO, 2 đầu, thân trắng, nắp trắng nối nhanh (SX)",0.035,
622RO,SPH0300014300,"Lõi lọc (5 IN 1)-DEMO, 2 đầu, thân xanh lá cây, nắp xanh lá cây nối nhanh(xuất cho SX)",0.035,
622RO,SPH0300014400,"Lõi lọc NANO SILVER-DEMO, thân xanh da trời, nắp xanh da trời nối nhanh(SX)",0.035,
622RO,SPH0300014800,"Lõi lọc NANO SILVER DEMO, 2 đầu, thân xanh da trời, nắp xanh da trời nối nhanh (SX)",0.035,
622RO,SPH0301000902,Lõi lọc số 7-Alkaline ( Tem mới ),0.04,
622RO,SPH0301005200,"Lõi số 8 -đá Maifan (màu xanh lá cây) ( KTA10-14 ) (dùng chung KG09A3, KG10A3)",0.04,
622RO,SPH0301010400,Lõi số 2-G.A.C carbon K29(SX) không tem,0.03,
622RO,SPH0301010600,Lõi số 2-G.A.C carbon K29(XB),0.03,
622RO,SPH0302003900,"Lõi lọc số 7-Alkaline (SX) (dùng chung KG09A3, KG10A3)",0.04,
622RO,SPH0302004000,Lõi lọc số 9 ORP ( Made in Việt Nam),0.04,
622RO,SPH0304008200,"Lõi lọc số 5- NANO SILVER (KTA 10-1)(SX) (dùng chung KG09A3, KG10A3)",0.04,
622RO,SPH0304009000,Lõi số 2-G.A.C carbon K29(SX),0.04,
622RO,SPH0304010100,Lõi lọc số 6-bóng gốm (SX)(màu nâu đỏ),0.04,
622RO,SPH0304010600,Lõi số 8 -đá Maifan (SX) xanh lá cây) ( KTA10-14 ),0.04,
622RO,SPH0304013500,Lõi lọc số 6 (5 in 1 Omega-SX) KTA10-150,0.04,
622RO,SPH0304013700,Lõi lọc số 8 Maifan rock (Omega-SX) KTA10-140,0.04,
622RO,SPH0304013900,Lõi lọc số 9 ORP (Omega-SX) KTA10-90,0.04,
622RO,SPH0304014100,Lõi số 7 Alkaline (Omega-SX) KTA10-120,0.04,
622RO,SPH0304014400,Lõi lọc số 5 Nano silver (Omega-SX) KTA10-150,0.04,
622RO,SPH0310400300,Lõi số 5 FIR Hydrogen (KG100HM),0.04,
622RO,SPH0310400400,Lõi lọc số 6 OrpH Hydrogen (KG100HM),0.04,
622RO,SPH0310400500,Lõi lọc số 7 HypH Hydrogen (KG100HM),0.04,
622RO,SPH0310400600,Lõi số 8 Mineral Hydrogen (KG100HM),0.04,
622RO,SPH0310400700,Lõi lọc số 9 (5 in 1 Omega-SX) (KG100HM),0.04,
622RO,SPH0310400800,Lõi lọc số 10 Nano Carbon Hydrogen (KG100HM),0.04,
622RO,SPH0310402400,"Lõi Lọc CERAMIC (Bóng Gốm), thân xanh da trời, nắp xanh da trời nối nhanh (SX)",0.04,
622RO,SPH0310402500,"Lõi lọc NANO SILVER, thân xanh da trời, nắp xanh da trời nối nhanh(SX)",0.04,
622RO,SPH0310403100,"Lõi lọc NANO SILVER, 2 đầu, thân xanh lá cây, nắp xanh lá cây nối nhanh(SX)",0.04,
622RO,SPH0310403200,"Lõi Lọc CERAMIC (Bóng Gốm), 2 đầu, thân mầu nâu đỏ, nắp mầu nâu đỏ nối nhanh(SX)",0.04,
622RO,SPH0310403300,"Lõi lọc NANO SILVER, 2 đầu, thân mầu nâu đỏ, nắp mầu nâu đỏ nối nhanh (SX)",0.04,
622RO,SPH0310403400,Cánh tủ trắng VTU KG100HM,0.12,
622RO,SPH0310403600,Đỉnh tủ trắng VTU KG100HM,0.04,
622RO,SPH0310403700,Lõi lọc FIR Hydrogen KG100HM nối nhanh (SX),0.06,
622RO,SPH0310403800,Lõi lọc OrpH Hydrogen KG100HM nối nhanh (SX),0.06,
622RO,SPH0310403900,Lõi lọc HypH Hydrogen KG100HM nối nhanh (SX),0.06,
622RO,SPH0310404000,Lõi lọc Mineral Hydrogen KG100HM nối nhanh (SX),0.06,
622RO,SPH0310404100,Lõi lọc 5 in 1 Omega KG100HM nối nhanh (SX),0.06,
622RO,SPH0310404200,Lõi lọc Nano Carbon Hydrogen KG100HM nối nhanh (SX),0.06,
622RO,SPH0310700400,Lõi số 5 FIR Hydrogen KG100HG,0.04,
622RO,SPH0310700500,Lõi lọc số 6 OrpH Hydrogen KG100HG,0.04,
622RO,SPH0310700600,Lõi lọc số 7 HypH Hydrogen KG100HG,0.04,
622RO,SPH0310700700,Lõi số 8 Mineral Hydrogen KG100HG,0.04,
622RO,SPH0310700800,Lõi lọc số 9 Nano Carbon Hydrogen KG100HG,0.04,
622RO,SPH0310701900,Lõi lọc (5 in 1) Hydrogen KG100HG,0.04,
622RO,SPH0310702500,Cánh tủ đen VTU KG100HG,0.12,
622RO,SPH0310702600,Đỉnh tủ đen VTU KG100HG,0.04,
622RO,SPH0310800100,Lõi Lọc FIR (Omega-SX) KG10G4,0.04,
622RO,SPH0311300900,Lõi lọc Ceramic KG99A,0.04,
622RO,SPH0311301000,Lỗi lọc Orp KG99A,0.04,
622RO,SPH0311301100,Lõi lọc Alkaline KG99A,0.04,
622RO,SPH0311301200,Lõi lọc Maifan KG99A,0.04,
622RO,SPH0311301400,Lõi lọc Nano Silver KG99A,0.04,
622RO,SPH0311302300,Cánh tủ trắng VTU KG99A,0.12,
622RO,SPH0311302400,Đỉnh tủ trắng VTU KG99A,0.04,
622RO,SPH0311500200,Lõi lọc FIR Hydrogen HA nối nhanh mầu trắng (SX),0.04,
622RO,SPH0311500300,Lõi lọc OrpH Hydrogen HA nối nhanh mầu trắng (SX),0.04,
622RO,SPH0311500400,Lõi lọc HypH Hydrogen HA nối nhanh mầu trắng (SX),0.04,
622RO,SPH0311500500,Lõi lọc Mineral Hydrogen HA nối nhanh mầu trắng (SX),0.04,
622RO,SPH0311500600,Lõi lọc (5 IN 1) Hydrogen HA nối nhanh mầu trắng (XB),0.04,
622RO,SPH0311500700,Lõi lọc Nano Carbon Hydrogen HA nối nhanh mầu trắng (SX),0.04,
622RO,SPH0311500900,Cánh tủ trắng VTU KG100HB,0.12,
622RO,SPH0311501000,Đỉnh tủ trắng VTU KG100HB,0.04,
622RO,SPH0311501200,Lõi lọc FIR Hydrogen HA nối nhanh mầu trắng (XB),0.06,
622RO,SPH0311501300,Lõi lọc OrpH Hydrogen HA nối nhanh mầu trắng (XB),0.06,
622RO,SPH0311501400,Lõi lọc HypH Hydrogen HA nối nhanh mầu trắng (XB),0.06,
622RO,SPH0311501500,Lõi lọc Mineral Hydrogen HA nối nhanh mầu trắng (XB),0.06,
622RO,SPH0311501600,Lõi lọc (5 IN 1) Hydrogen HA nối nhanh mầu trắng (SX),0.06,
622RO,SPH0311501700,Lõi lọc Nano Carbon Hydrogen HA nối nhanh mầu trắng (XB),0.06,
622RO,SPH0311600300,Lõi lọc ORP (Omega-SX) nối nhanh xanh lá cây,0.04,
622RO,SPH0311600400,Lõi lọc Alkaline (Omega-SX) nối nhanh xanh lá cây,0.04,
622RO,SPH0311600500,Lõi lọc Maifan rock (Omega-SX) nối nhanh xanh lá cây,0.04,
622RO,SPH0311600600,Lõi lọc (5 in 1 Omega-SX) nối nhanh xanh lá cây,0.04,
622RO,SPH0311600800,Lõi lọc Nano silver (Omega-SX) nối nhanh xanh lá cây,0.04,
622RO,SPH0311600900,Cánh tủ trắng VTU KG09G4,0.12,
622RO,SPH0311601000,Đỉnh tủ trắng VTU KG09G4,0.04,
622RO,SPH0311800500,Lõi lọc Mineral nối nhanh xanh da trời,0.04,
622RO,SPH0311800600,Lõi lọc (5 in 1) nối nhanh xanh da trời,0.6,
622RO,SPH0311800700,Lõi lọc Nano silver nối nhanh xanh da trời,0.04,
622RO,SPH0311800800,Cánh tủ trắng VTU KG08G4,0.12,
622RO,SPH0311800900,Đỉnh tủ trắng VTU KG08G4,0.04,
622RO,SPH0312000200,Lõi lọc Bóng Gốm nối nhanh xanh cốm,0.04,
622RO,SPH0312000300,Lõi lọc ORP nối nhanh xanh cốm,0.04,
622RO,SPH0312000400,Lõi lọc Alkaline nối nhanh xanh cốm,0.04,
622RO,SPH0312000500,Lõi lọc Mineral nối nhanh xanh cốm,0.04,
622RO,SPH0312000700,Lõi lọc Nano silver nối nhanh xanh cốm,0.04,
622RO,SPH0312100200,Cánh tủ trắng VTU KG177A,0.12,
622RO,SPH0312100300,Đỉnh tủ trắng VTU KG177A,0.04,
622RO,SPH0312200200,Cánh tủ trắng VTU KG188A,0.12,
622RO,SPH0312200300,Đỉnh tủ trắng VTU KG188A,0.04,
622RO,SPH0312300200,Cánh tủ đen VTU KG199HQ,0.15,
622RO,SPH0312300300,Đỉnh tủ đen VTU KG199HQ,0.02,
622RO,SPH0312800400,Cánh tủ đen Hydrogen KG100HK,0.13,
622RO,SPH0312800500,Đỉnh tủ đen 5 lỗ Hydrogen KG100HK,0.04,
622INOX,SPH0312800700,Thân tủ chưa sơn KG100HK,0.42,
622RO,SPH0313400400,"Lõi T33 to PP 5M trắng sứ (XB) (Lõi 1) ( KG100HK, KG10A4, KG100ES, KG100EO)",0.04,
622RO,SPH0313402500,Bộ lọc thô 1 cấp PP Devolker IN and OUT 1/4,0.05,
622RO,SPH0313402600,Bộ lọc thô 2 cấp PP & GAC Devolker IN and OUT 1/4,0.08,
622RO,SPH0313402800,"Vỏ tủ VTU màu xanh (có xốp, vỏ thùng carton, carton lót đế)",0.35,
622RO,SPH0313606700,"Lõi T33 to (5 IN 1) trắng sứ (XB) (KG100HU, KG100HU+ KG100MED)",0.06,
622RO,SPH0313606800,"Lõi T33 to (5 IN 1) trắng sứ (SX) (KG100HU, KG100HU+ KG100MED)",0.04,
622RO,SPH0313607800,Mặt trước Destop KG100HU,0.02,
622RO,SPH0314200600,Mặt trước Destop KG100HU+,0.02,
622RO,SPH0314800400,Đỉnh tủ kính xanh (hiển thị mạch) VTU KG08G5,0.034,
622RO,SPH0315700200,"Lõi lọc Alkaline, cho máy nước lợ (SX)",0.06,
622RO,SPH0315700300,"Lõi lọc MINERAL, cho máy nước lợ (SX)",0.06,
622RO,SPH0315700400,"Lõi lọc FIR ceramic, cho máy nước lợ (SX)",0.06,
622RO,SPH0315700500,"Lõi lọc ORP, cho máy nước lợ (SX)",0.06,
622RO,SPH0315700600,"Lõi lọc NANO SILVER, cho máy nước lợ (SX)",0.06,
622RO,SPH0316900600,Đỉnh tủ xanh VTU KG-08G4 (Hiển thị đèn LED),0.04,
622RO,SPH0317101000,"Lõi T33 to CATRION trắng sứ (SX) (KG100ES, KG100EO)",0.06,
622INOX,SPH0317101800,Vỏ tủ thép SLIM KG100ES kt 910x900 chưa gia công,0.42,
622INOX,SPH0317202000,"Vỏ tủ thép Oval 701x889,91 chưa sơn",0.42,
622RO,SPH0317800100,Đỉnh tủ xanh 5 lỗ KG19A3-UV (Tiếng Anh),0.04,
622RO,SPH0317900100,Đỉnh tủ đen 5 lỗ Hydrogen KG100HK-UV (Tiếng Anh),0.04,
622INOX,SPH0319900800,Thân tủ chưa sơn KG10A5,0.45,
622RO,SPH0349000200,Cánh tủ xanh VTU KG109A,0.12,
622RO,SPH0349000300,Đỉnh tủ xanh VTU KG109A,0.04,
622RO,SPH0355000100,Lõi số 5 - FIR Hydrogen (HA),0.04,
622RO,SPH0355000300,Lõi lọc số 6 OrpH Hydrogen (HA),0.04,
622RO,SPH0355000500,Lõi lọc số 7 - HypH Hydrogen (HA),0.04,
622RO,SPH0355000700,Lõi số 8 Mineral Hydrogen (HA),0.04,
622RO,SPH0355000900,Lõi lọc số 9 Nano Carbon Hydrogen (HA),0.04,
622RO,SPH0355002000,Cánh tủ đen VTU KG100HA,0.12,
622RO,SPH0355002100,Đỉnh tủ đen VTU KG100HA,0.04,
622RO,SPH0364001200,"Lõi lọc FAR (Omega-SX) nối nhanh, nắp và thân xanh lá cây KG110A",0.06,
622RO,SPH0364001300,"Lõi lọc ORP (Omega-SX) nối nhanh, nắp và thân xanh lá cây KG110A",0.04,
622RO,SPH0364001400,"Lõi lọc Alkaline (Omega-SX) nối nhanh, nắp và thân xanh lá cây KG110A",0.04,
622RO,SPH0364001500,"Lõi lọc Maifan rock (Omega-SX) nối nhanh, nắp và thân xanh lá cây KG110A",0.04,
622RO,SPH0364001600,"Lõi lọc (5 in 1 Omega-SX) nối nhanh, nắp và thân xanh lá cây KG110A",0.04,
622RO,SPH0364001700,"Lõi lọc Nano silver (Omega-SX) nối nhanh, nắp và thân xanh lá cây KG110A",0.04,
622RO,SPH0364001800,Cánh tủ đen vàng VTU KG110A,0.12,
622RO,SPH0364001900,Đỉnh tủ đen vàng VTU KG110A,0.04,
622RO,SPH0364002100,"Lõi lọc ORP (Omega-XB) nối nhanh, nắp và thân xanh lá cây KG110A",0.06,
622RO,SPH0364002200,"Lõi lọc Alkaline (Omega-XB) nối nhanh, nắp và thân xanh lá cây KG110A",0.06,
622RO,SPH0364002300,"Lõi lọc Maifan rock (Omega-XB) nối nhanh, nắp và thân xanh lá cây KG110A",0.06,
622RO,SPH0364002400,"Lõi lọc (5 in 1 Omega-XB) nối nhanh, nắp và thân xanh lá cây KG110A",0.06,
622RO,SPH0364002500,"Lõi lọc Nano silver (Omega-XB) nối nhanh, nắp và thân xanh lá cây KG110A",0.06,
622RO,SPH0366000400,Lõi lọc số 6 Macca BIO-ORPH,0.04,
622RO,SPH0366000500,Lõi lọc số 7 Macca BIO-GAC,0.04,
622RO,SPH0366000600,Lõi lọc số 8 Macca BIO-MINERAL,0.04,
622RO,SPH0366000700,Lõi lọc số 9 Macca BIO-NANO CARBON,0.04,
622RO,SPH0366000800,Lõi lọc số 5 Macca BIO-FAR,0.04,
622RO,SPH0366001600,Vỏ tủ VTU màu xanh-Macca,0.52,
622RO,SPH0366005000,"Lõi Lọc BIO-FAR, 2 đầu, thân và nắp màu xanh MACCA- KGMC09 nối nhanh (XB)",0.06,
622RO,SPH0366005100,"Lõi lọc BIO-ORP, 2 đầu, thân và nắp màu xanh MACCA- KGMC09 nối nhanh (XB)",0.06,
622RO,SPH0366005200,"Lõi lọc BIO-GAC-Alkaline, 2 đầu, thân và nắp màu xanh MACCA- KGMC09 nối nhanh (XB)",0.06,
622RO,SPH0366005300,"Lõi lọc BIO-MINERAL, 2 đầu, thân và nắp màu xanh MACCA- KGMC09 nối nhanh (XB)",0.06,
622RO,SPH0366005500,"Lõi lọc BIO-NANO CARBON, 2 đầu, thân và nắp màu xanh MACCA- KGMC09 nối nhanh (XB)",0.06,
622RO,SPH0366005600,"Lõi Lọc BIO-FAR, 2 đầu, thân và nắp màu xanh MACCA- KGMC09 nối nhanh (SX)",0.06,
622RO,SPH0366005700,"Lõi lọc BIO-ORP, 2 đầu, thân và nắp màu xanh MACCA- KGMC09 nối nhanh (SX)",0.06,
622RO,SPH0366005800,"Lõi lọc BIO-GAC-Alkaline, 2 đầu, thân và nắp màu xanh MACCA- KGMC09 nối nhanh (SX)",0.06,
622RO,SPH0366006000,"Lõi lọc BIO-NANO CARBON, 2 đầu, thân và nắp màu xanh MACCA- KGMC09 nối nhanh (SX)",0.06,
622RO,SPH0366006100,Cánh tủ trắng VTU KGMC09,0.12,
622RO,SPH0366006200,Đỉnh tủ trắng VTU KGMC09,0.04,
622RO,SPH0366006300,"Lõi lọc BIO-MINERAL, 2 đầu, thân và nắp màu xanh MACCA nối nhanh (SX)",0.06,
622RO,SPH0368000100,Cánh tủ trắng VTU KG01G4,0.12,
622RO,SPH0368000200,Đỉnh tủ trắng VTU KG01G4,0.04,
622RO,SPH0369000300,Lõi lọc ion (SX),0.04,
622RO,SPH0369000400,Lõi lọc số 6-bóng gốm (SX) màu xanh da trời,0.04,
622RO,SPH0369000600,Lõi số 8 -đá Maifan (SX) màu xanh da trời,0.04,
622RO,SPH0369000700,Lõi lọc ORP ( Made in Việt Nam ) màu xanh da trời,0.04,
622INOX,SPH0371000200,Giá đỡ bầu nóng,0.13,
622RO,SPH0372000600,Lõi số 5 FIR Hydrogen (HP),0.04,
622RO,SPH0372000700,Lõi lọc số 6 OrpH Hydrogen (HP),0.04,
622RO,SPH0372000800,Lõi lọc số 7 HypH Hydrogen (HP),0.04,
622RO,SPH0372000900,Lõi số 8 Mineral Hydrogen (HP),0.04,
622RO,SPH0372001000,Lõi lọc số 9 Nano Carbon Hydrogen (HP),0.04,
622RO,SPH0372001100,Lõi lọc số 10 (5 in 1 Omega-SX) KTA10-150,0.04,
622RO,SPH0372002500,Lõi lọc FIR Hydrogen KG100HP nối nhanh trắng (XB),0.04,
622RO,SPH0372002600,Lõi lọc OrpH Hydrogen KG100HP nối nhanh mầu trắng (XB),0.04,
622RO,SPH0372002700,Lõi lọc HypH Hydrogen KG100HP nối nhanh mầu trắng (XB),0.04,
622RO,SPH0372002800,Lõi lọc Mineral Hydrogen KG100HP nối nhanh mầu trắng (XB),0.04,
622RO,SPH0372002900,Lõi lọc (5 IN 1) Hydrogen KG100HP nối nhanh mầu trắng (XB),0.04,
622RO,SPH0372003000,Lõi lọc Nano Carbon Hydrogen KG100HP nối nhanh mầu trắng (XB),0.04,
622RO,SPH0372003100,Lõi lọc FIR Hydrogen KG100HP nối nhanh trắng (SX),0.06,
622RO,SPH0372003200,Lõi lọc OrpH Hydrogen KG100HP nối nhanh trắng (SX),0.06,
622RO,SPH0372003300,Lõi lọc HypH Hydrogen KG100HP nối nhanh trắng (SX),0.06,
622RO,SPH0372003400,Lõi lọc Mineral Hydrogen KG100HP nối nhanh trắng (SX),0.06,
622RO,SPH0372003500,Lõi lọc (5 IN 1) Hydrogen KG100HP nối nhanh trắng (SX),0.06,
622RO,SPH0372003600,Lõi lọc Nano Carbon Hydrogen KG100HP nối nhanh trắng (SX),0.06,
622RO,SPH0373000200,Đỉnh tủ kim cương VTU KG100HP,0.04,
622RO,SPH0373000300,Cánh tủ kim cương VTU KG100HP,0.12,
622RO,SPH0378000700,Lõi số 2-G.A.C các bon Myanmar,0.04,
622RO,SPH0378000800,Lõi số 3 cation,0.04,
622INOX,SPH0385000300,Thân tủ chưa sơn KG09A3,0.39,
622RO,SPH0385000500,Đỉnh tủ xanh 4 lỗ KG09A3,0.04,
622INOX,SPH0386009400,Thân tủ chưa sơn KG10A3,0.42,
622RO,SPH0386009600,Đỉnh tủ xanh 5 lỗ KG10A3,0.04,
622RO,SPH0386009700,Cánh tủ xanh VTU KG10A3,0.13,
622RO,SPH0386009800,Bình điện phân không màng ngăn BD01,0.278,
622INOX,SPH0386011900,"Thân tủ chưa sơn KG2209P3, KG10A3 (V3)",0.42,
622INOX,SPH0386012000,"Giá đỡ bầu nóng/lạnh KG2209P3, KG10A3 (V3)",0.13,
622RO,SPH0397001100,Lõi số 5 FIR Hydrogen (HC),0.04,
622RO,SPH0397001200,Lõi lọc số 7 HypH Hydrogen (HC),0.04,
622RO,SPH0397001300,Lõi số 8 Mineral Hydrogen (HC),0.04,
622RO,SPH0397001400,Lõi lọc số 10 Nano Carbon Hydrogen (HC),0.04,
622RO,SPH0397001500,Lõi lọc số 6 OrpH Hydrogen (HC),0.04,
622RO,SPH0397001600,Lõi lọc số 9 (5 in 1 Omega-SX) (HC),0.04,
622RO,SPH0397011700,"Lõi T33 to than GAC trắng sứ (XB) ( KG100HK, KG10A4, KG100ES, KG100EO)",0.04,
622RO,SPH0397012200,"Lõi T33 to than GAC trắng sứ (SX) ( KG100HK, KG10A4, KG100ES, KG100EO)",0.04,
622RO,SPH0397012300,"Lõi T33 to PP 1M trắng sứ (XB) ( KG100HK, KG10A4, KG100ES, KG100EO)",0.04,
622RO,SPH0397012500,"Lõi T33 to PP 1M trắng sứ (SX) ( KG100HK, KG10A4, KG100ES, KG100EO)",0.04,
622RO,SPH0397012700,"Lõi T33 to, Cation, 2 đầu, thân trắng trong, nắp trắng trong(XB) (KG100ES, KG100EO)",0.04,
622RO,SPH0397012900,"Lõi Lọc CERAMIC, 2 đầu, thân trắng, nắp trắng nối nhanh (SX)",0.04,
622RO,SPH0397013000,"Lõi lọc ORP, 2 đầu, thân trắng, nắp trắng nối nhanh (SX)",0.04,
622RO,SPH0397013100,"Lõi lọc ALKALINE, 2 đầu, thân trắng, nắp trắng nối nhanh (SX)",0.04,
622RO,SPH0397013200,"Lõi lọc MINERAL, 2 đầu, thân trắng, nắp trắng nối nhanh (SX)",0.04,
622RO,SPH0397013300,"Lõi lọc (5 IN 1), 2 đầu, thân trắng, nắp trắng nối nhanh (SX)",0.04,
622RO,SPH0397013400,"Lõi lọc NANO SILVER, 2 đầu, thân trắng, nắp trắng nối nhanh (SX)",0.04,
622RO,SPH0397013600,"Lõi Lọc CERAMIC, 2 đầu, thân trắng, nắp trắng nối nhanh(XB)",0.06,
622RO,SPH0397013700,"Lõi lọc ORP, 2 đầu, thân trắng, nắp trắng nối nhanh (XB)",0.06,
622RO,SPH0397013800,"Lõi lọc ALKALINE, 2 đầu, thân trắng, nắp trắng nối nhanh(XB)",0.06,
622RO,SPH0397013900,"Lõi lọc MINERAL, 2 đầu, thân trắng, nắp trắng nối nhanh(XB)",0.06,
622RO,SPH0397014000,"Lõi lọc (5 IN 1), 2 đầu, thân trắng, nắp trắng nối nhanh(XB)",0.06,
622RO,SPH0397014100,"Lõi lọc NANO SILVER, 2 đầu, thân trắng, nắp trắng nối nhanh(XB)",0.06,
622RO,SPH0397014200,"Lõi Lọc CERAMIC, 2 đầu, thân xanh da trời, nắp xanh da trời nối nhanh (SX)",0.04,
622RO,SPH0397014300,"Lõi lọc ORP, 2 đầu, thân xanh da trời, nắp xanh da trời nối nhanh (SX)",0.04,
622RO,SPH0397014400,"Lõi lọc ALKALINE, 2 đầu, thân xanh da trời, nắp xanh da trời nối nhanh (SX)",0.04,
622RO,SPH0397014500,"Lõi lọc MINERAL, 2 đầu, thân xanh da trời, nắp xanh da trời nối nhanh (SX)",0.04,
622RO,SPH0397014700,"Lõi lọc NANO SILVER, 2 đầu, thân xanh da trời, nắp xanh da trời nối nhanh (SX)",0.04,
622RO,SPH0397014800,"Lõi Lọc CERAMIC, 2 đầu, thân xanh da trời, nắp xanh da trời nối nhanh(XB)",0.06,
622RO,SPH0397014900,"Lõi lọc ORP, 2 đầu, thân xanh da trời, nắp xanh da trời nối nhanh(XB)",0.06,
622RO,SPH0397015000,"Lõi lọc ALKALINE, 2 đầu, thân xanh da trời, nắp xanh da trời nối nhanh(XB)",0.06,
622RO,SPH0397015100,"Lõi lọc MINERAL, 2 đầu, thân xanh da trời, nắp xanh da trời nối nhanh(XB)",0.06,
622RO,SPH0397015300,"Lõi lọc NANO SILVER, 2 đầu, thân xanh da trời, nắp xanh da trời nối nhanh(XB)",0.06,
622RO,SPH0397016800,"Lõi lọc ALKALINE, 2 đầu, thân mầu xanh cốm, nắp mầu xanh cốm nối nhanh (SX)",0.04,
622RO,SPH0397017400,"Lõi lọc ALKALINE, 2 đầu, thân mầu xanh cốm, nắp mầu xanh cốm nối nhanh(XB)",0.06,
622RO,SPH0397018100,"Lõi lọc MINERAL, 2 đầu, thân xanh lá cây, nắp xanh lá cây nối nhanh(xuất cho SX)",0.04,
622RO,SPH0397018200,"Lõi lọc (5 IN 1), 2 đầu, thân xanh lá cây, nắp xanh lá cây nối nhanh(xuất cho SX)",0.04,
622RO,SPH0397018700,"Lõi lọc MINERAL, 2 đầu, thân xanh lá cây, nắp xanh lá cây nối nhanh(XB)",0.06,
622RO,SPH0397018800,"Lõi lọc (5 IN 1), 2 đầu, thân xanh lá cây, nắp xanh lá cây nối nhanh(XB)",0.06,
622RO,SPH0397020200,"Lõi Lọc CERAMIC, 2 đầu, thân mầu nâu đỏ, nắp mầu nâu đỏ nối nhanh(SX)",0.04,
622RO,SPH0397020300,"Lõi lọc ORP, 2 đầu, thân mầu nâu đỏ, nắp mầu nâu đỏ nối nhanh(xuất cho SX)",0.04,
622RO,SPH0397020400,"Lõi lọc ALKALINE, 2 đầu, thân mầu nâu đỏ, nắp mầu nâu đỏ nối nhanh(xuất cho SX)",0.04,
622RO,SPH0397020600,"Lõi lọc (5 IN 1), 2 đầu, thân mầu nâu đỏ, nắp mầu nâu đỏ nối nhanh(xuất cho SX)",0.04,
622RO,SPH0397020700,"Lõi lọc NANO SILVER, 2 đầu, thân mầu nâu đỏ, nắp mầu nâu đỏ nối nhanh(SX)",0.06,
622RO,SPH0397020800,"Lõi Lọc CERAMIC, 2 đầu, thân mầu nâu đỏ, nắp mầu nâu đỏ nối nhanh(XB)",0.06,
622RO,SPH0397021300,"Lõi lọc NANO SILVER, 2 đầu, thân mầu nâu đỏ, nắp mầu nâu đỏ nối nhanh(XB)",0.06,
622RO,SPH0397024700,Đỉnh tủ VTU KG100HC màu đen,0.02,
622RO,SPH0398000100,Lõi số 5 FIR Hydrogen (KG18BLUE),0.04,
622RO,SPH0398000200,Lõi lọc số 6 OrpH Hydrogen (KG18BLUE),0.04,
622RO,SPH0398000300,Lõi lọc số 7 HypH Hydrogen (KG18BLUE),0.04,
622RO,SPH0398000400,Lõi số 8 Mineral Hydrogen (KG18BLUE),0.04,
622RO,SPH0398000500,Lõi lọc số 9 (5 in 1 Omega-SX) (KG18BLUE),0.04,
622RO,SPH0398000600,Lõi lọc số 10 Nano Carbon Hydrogen (KG18BLUE),0.04,
622TD,SPW4410302400,Lòng trong KG399DM1,1.022,
622TD,SPW4410302500,Thân tủ KG399DM1,1.022,
622TD,SPW4410302600,Lắp ghép Máy nén - Phụ kiện KG399DM1,1.022,
622INOX,SPW4410801500,Hồi phải 298TH007 chưa sơn,0.3,
622INOX,SPW4410801600,Hồi trái 298TH006 chưa sơn,0.3,
622TD,SPW4410803300,Lòng trong KG328DM2,1.022,
622TD,SPW4410803400,Thân tủ KG328DM2,1.022,
622TD,SPW4410803500,Lắp ghép Máy nén-Phụ kiện KG328DM2,1.044,
622INOX,SPW4411303000,Vỏ cánh 168 chưa sơn,0.023,
622INOX,SPW4411303200,Vách trước KG168 chưa sơn,0.083,
622INOX,SPW4411303400,Vách sau KG168 chưa sơn,0.092,
622INOX,SPW4411303600,Hồi trái 168 chưa sơn,0.013,
622INOX,SPW4411303800,Hồi phải 168 chưa sơn,0.01,
622INOX,SPW4411900500,Vách sau KG398C2 chưa sơn,0.5,
622INOX,SPW4416000500,Vách sau KG298C2 chưa sơn,0.3,
622TD,SPW4482002100,Lòng trong KG320IC2,0.926,
622TD,SPW4482002200,Thân tủ KG320IC2,0.926,
622TD,SPW4482002300,Lắp ghép Máy nén-Phụ kiện KG320IC2,0.926,
622TD,SPW4482002400,Đóng gói KG320IC2,0.926,
622TD,SPW4484000400,Cánh 01 KG400IC2,0.93,
622TD,SPW4484000500,Thân tủ KG400IC2,0.926,
622TD,SPW4484000600,Lắp ghép Máy nén-Phụ kiện KG400IC2,0.926,
622TD,SPW4484000700,Đóng gói KG400IC2,0.926,
622TD,SPW4487001900,Lòng trong KG400NC2,0.926,
622INOX,SPW4493002700,Vỏ cánh 235 chưa sơn,0.023,
622TD,SPW4493004400,Lòng trong KG265NC1,1.175,
622TD,SPW4493004500,Cánh 03 KG265NC1,0.89,
622TD,SPW4493004600,Thân tủ KG265NC1,1.894,
622TD,SPW4493004700,Lắp ghép Máy nén-Phụ kiện KG265NC1,0.89,
622TD,SPW4493004800,Đóng gói KG265NC1,0.89,
622INOX,SPW4493005500,Vách trước 265 chưa sơn,0.4,
622INOX,SPW4493005600,Vách sau 265 chưa sơn,0.4,
622INOX,SPW4493005700,Hồi trái 265 chưa sơn,0.15,
622INOX,SPW4493005800,Hồi phải 265 chưa sơn,0.15,
622TD,SPW4495001900,Lòng trong KG266NC2,0.89,
622TD,SPW4495002000,Cánh 04 KG266NC2,0.89,
622TD,SPW4495002100,Thân tủ KG266NC2,0.89,
622TD,SPW4495002200,Lắp ghép Máy nén-Phụ kiện KG266NC2,0.89,
622TD,SPW4496003300,Đóng gói KG328NC2,0.89,
622TD,SPW4497001300,Lòng trong KG329NC1,1.175,
622TD,SPW4497001500,Thân tủ KG329NC1,0.719,
622TD,SPW4497001600,Lắp ghép Máy nén-Phụ kiện KG329NC1,1.535,
622TD,SPW4497001700,Đóng gói KG329NC1,1.16,
,KGE05000100,,0.78,
,KGE18005700,,4.38,
,KGE18005800,,4.38,
,KGE18006000,,4.38,
,KGE18005900,,4.38,
